Precio,Talla,Valor,Modelo,Link,Fecha_publicacion,Tienda,Marca,Descuento_%,Tiene_44.5/45,Vendedor,SKU,Imagen,Disponible,Fecha_actualizacion,Precio_min_historico,Fecha_min_historico,Precio_anterior,Variacion_$,Es_minimo_historico,Dias_seguimiento,Modelo_clave
129990,"39, 39.5, 40, 40.5, 41, 41.5, 42, 42.5, 43, 43.5, 44, 44.5, 45, 45.5",129990,Zapatillas Mundial Team,https://www.falabella.com/falabella-cl/product/137179744/Zapatillas-Mundial-Team,2026-07-02,Falabella,ADIDAS,,Si,adidas,137179744,https://media.falabella.com/falabellaCL/137179745_01/public,Si,2026-07-02T12:21:45,129990,2026-07-02,,,No,0,adidas|mundial team
59990,s/info,24990,ZAPATILLAS HOMBRE ADIDAS URBANO NEGRO HOOPS 4.0,https://simple.ripley.cl/zapatillas-hombre-adidas-urbano-negro-hoops-40-2000411522878,2026-07-02,Ripley,ADIDAS,58,No,Ripley,2000411522878,https://rimage.ripley.cl/home.ripley/Attachment/WOP/1/2000411522908/full_image-2000411522908,Si,2026-07-02T12:21:45,24990,2026-07-02,,,No,0,adidas|4.0 hoops
56990,s/info,26990,ZAPATILLAS HOMBRE NIKE RUNNING TURQUESA DEFY,https://simple.ripley.cl/zapatillas-hombre-nike-running-turquesa-defy-2000408507680,2026-07-02,Ripley,NIKE,53,No,Ripley,2000408507680,https://rimage.ripley.cl/home.ripley/Attachment/WOP/1/2000408507772/full_image-2000408507772,Si,2026-07-02T12:21:45,26990,2026-07-02,,,No,0,nike|defy
96990,s/info,47990,Big Low Zapatilla Urbana Hombre Cuero Blanco,https://www.falabella.com/falabella-cl/product/80076976/big-nike-low-zapatilla-urbana-hombre-cuero-blanco-nike,2026-07-02,Falabella,NIKE,51,No,FALABELLA,80076976,https://www.falabella.com/cdn-cgi/imagedelivery/4fYuQyy-r8_rpBpcY7lH_A/falabellaCL/80077888/public,Si,2026-07-02T12:21:45,47990,2026-07-02,,,No,0,nike|big cuero low
96990,s/info,47990,Big Low Zapatilla Urbana Hombre Cuero Blanco,https://www.falabella.com/falabella-cl/product/80076977/BIG-NIKE-LOW-NIKE-BLANC-8.5,2026-07-02,Falabella,NIKE,51,No,FALABELLA,80076977,https://media.falabella.com/falabellaCL/80077903_1/public,Si,2026-07-02T12:21:45,47990,2026-07-02,,,No,0,nike|big cuero low
54990,s/info,26990,ZAPATILLAS HOMBRE ADIDAS HOOPS MID CLASSIC,https://simple.ripley.cl/zapatillas-hombre-adidas-hoops-mid-classic-2000409125890,2026-07-02,Ripley,ADIDAS,51,No,Ripley,2000409125890,https://rimage.ripley.cl/home.ripley/Attachment/WOP/1/2000409125937/full_image-2000409125937,Si,2026-07-02T12:21:45,26990,2026-07-02,,,No,0,adidas|classic hoops mid
59990,s/info,29990,Rapid Court Low Zapatilla Urbana Hombre Negro,https://www.falabella.com/falabella-cl/product/80763178/rapid-court-low-zapatilla-urbana-hombre-negro-adidas,2026-07-02,Falabella,ADIDAS,50,No,FALABELLA,80763178,https://media.falabella.com/falabellaCL/80763203_1/public,Si,2026-07-02T12:21:45,29990,2026-07-02,,,No,0,adidas|court low rapid
59990,s/info,29990,X_PLRPATH Zapatilla Urbana Hombre Gris,https://www.falabella.com/falabella-cl/product/80659356/xplrpath-zapatilla-urbana-hombre-gris-adidas,2026-07-02,Falabella,ADIDAS,50,No,FALABELLA,80659356,https://media.falabella.com/falabellaCL/80659841_1/public,Si,2026-07-02T12:21:45,29990,2026-07-02,,,No,0,adidas|plrpath
59990,s/info,29990,Rapid Court Low Zapatilla Urbana Hombre Rojo,https://www.falabella.com/falabella-cl/product/80763175/rapid-court-low-zapatilla-urbana-hombre-rojo-adidas,2026-07-02,Falabella,ADIDAS,50,No,FALABELLA,80763175,https://media.falabella.com/falabellaCL/80763186_1/public,Si,2026-07-02T12:21:45,29990,2026-07-02,,,No,0,adidas|court low rapid
69990,"40.5, 41, 41.5, 42",34990,Zapatillas Court Shot Hombre Blanco,https://www.falabella.com/falabella-cl/product/149607388/zapatillas-nike-court-shot-hombre-blanco,2026-07-02,Falabella,NIKE,50,No,TIENDA OFICIAL NIKE,149607388,https://media.falabella.com/falabellaCL/149721820_01/public,Si,2026-07-02T12:21:45,34990,2026-07-02,,,No,0,nike|court shot
106990,s/info,52990,Killshot 2 Leather Zapatilla Urbana Hombre Cuero Blanco,https://www.falabella.com/falabella-cl/product/80619195/Killshot-2-Leather-Zapatilla-Urbana-Hombre-Cuero-Blanco-Nike,2026-07-02,Falabella,NIKE,50,No,FALABELLA,80619195,https://media.falabella.com/falabellaCL/80619702_1/public,Si,2026-07-02T12:21:45,52990,2026-07-02,,,No,0,nike|2 cuero killshot leather
49990,s/info,24990,ZAPATILLAS HOMBRE ADIDAS RUNNING ROJO GALAXY STAR 2.0 U,https://simple.ripley.cl/zapatillas-hombre-adidas-running-rojo-galaxy-star-20-u-2000404513456,2026-07-02,Ripley,ADIDAS,50,No,Ripley,2000404513456,https://rimage.ripley.cl/home.ripley/Attachment/WOP/1/2000404513531/full_image-2000404513531,Si,2026-07-02T12:21:45,24990,2026-07-02,,,No,0,adidas|2.0 galaxy star
49990,s/info,24990,ZAPATILLAS HOMBRE ADIDAS URBANO GRIS RUN 50S,https://simple.ripley.cl/zapatillas-hombre-adidas-urbano-gris-run-50s-2000410111943,2026-07-02,Ripley,ADIDAS,50,No,Ripley,2000410111943,https://rimage.ripley.cl/home.ripley/Attachment/WOP/1/2000410112070/full_image-2000410112070,Si,2026-07-02T12:21:45,24990,2026-07-02,,,No,0,adidas|50s run
49990,s/info,24990,ZAPATILLAS HOMBRE ADIDAS URBANO BLANCO RUN 50S,https://simple.ripley.cl/zapatillas-hombre-adidas-urbano-blanco-run-50s-2000410107809,2026-07-02,Ripley,ADIDAS,50,No,Ripley,2000410107809,https://rimage.ripley.cl/home.ripley/Attachment/WOP/1/2000410107861/full_image-2000410107861,Si,2026-07-02T12:21:45,24990,2026-07-02,,,No,0,adidas|50s run
49990,s/info,24990,ZAPATILLAS HOMBRE ADIDAS RUNNING NEGRO GALAXY STAR 2.0,https://simple.ripley.cl/zapatillas-hombre-adidas-running-negro-galaxy-star-20-2000409128334,2026-07-02,Ripley,ADIDAS,50,No,Ripley,2000409128334,https://rimage.ripley.cl/home.ripley/Attachment/WOP/1/2000409128365/full_image-2000409128365,Si,2026-07-02T12:21:45,24990,2026-07-02,,,No,0,adidas|2.0 galaxy star
59990,s/info,29990,ZAPATILLAS HOMBRE ADIDAS URBANO NEGRO DAILY 4.0,https://simple.ripley.cl/zapatillas-hombre-adidas-urbano-negro-daily-40-2000409120895,2026-07-02,Ripley,ADIDAS,50,No,Ripley,2000409120895,https://rimage.ripley.cl/home.ripley/Attachment/WOP/1/2000409120987/full_image-2000409120987,Si,2026-07-02T12:21:45,29990,2026-07-02,,,No,0,adidas|4.0 daily
49990,s/info,24990,ZAPATILLAS HOMBRE ADIDAS URBANO NEGRO BREAK START,https://simple.ripley.cl/zapatillas-hombre-adidas-urbano-negro-break-start-2000409058105,2026-07-02,Ripley,ADIDAS,50,No,Ripley,2000409058105,https://rimage.ripley.cl/home.ripley/Attachment/WOP/1/2000409058167/full_image-2000409058167,Si,2026-07-02T12:21:45,24990,2026-07-02,,,No,0,adidas|break start
59990,s/info,29990,ZAPATILLAS HOMBRE ADIDAS URBANO NEGRO DAILY 4.0,https://simple.ripley.cl/zapatillas-hombre-adidas-urbano-negro-daily-40-2000411522687,2026-07-02,Ripley,ADIDAS,50,No,Ripley,2000411522687,https://rimage.ripley.cl/home.ripley/Attachment/WOP/1/2000411522717/full_image-2000411522717,Si,2026-07-02T12:21:45,29990,2026-07-02,,,No,0,adidas|4.0 daily
79990,s/info,39990,ZAPATILLAS HOMBRE NIKE FÚTBOL ROSADO MERCURIAL SUPERFLY 10 CLUB,https://simple.ripley.cl/zapatillas-hombre-nike-futbol-rosado-mercurial-superfly-10-club-2000407160541,2026-07-02,Ripley,NIKE,50,No,Ripley,2000407160541,https://rimage.ripley.cl/home.ripley/Attachment/WOP/1/2000407160640/full_image-2000407160640,Si,2026-07-02T12:21:45,39990,2026-07-02,,,No,0,nike|10 club futbol mercurial superfly
49990,s/info,24990,ZAPATILLAS HOMBRE ADIDAS CASUAL NEGRO BREAK START,https://simple.ripley.cl/zapatillas-hombre-adidas-casual-negro-break-start-2000402260468,2026-07-02,Ripley,ADIDAS,50,No,Ripley,2000402260468,https://rimage.ripley.cl/home.ripley/Attachment/WOP/1/2000402260628/full_image-2000402260628,Si,2026-07-02T12:21:45,24990,2026-07-02,,,No,0,adidas|break start
79990,s/info,39990,ZAPATILLAS HOMBRE NIKE FÚTBOL ROSADO MERCURIAL SUPERFLY 10 CLUB,https://simple.ripley.cl/zapatillas-hombre-nike-futbol-rosado-mercurial-superfly-10-club-2000407160664,2026-07-02,Ripley,NIKE,50,No,Ripley,2000407160664,https://rimage.ripley.cl/home.ripley/Attachment/WOP/1/2000407160718/full_image-2000407160718,Si,2026-07-02T12:21:45,39990,2026-07-02,,,No,0,nike|10 club futbol mercurial superfly
69990,s/info,34990,ZAPATILLAS HOMBRE ADIDAS URBANO NEGRO VL COURT 3.0 CUERO,https://simple.ripley.cl/zapatillas-hombre-adidas-urbano-negro-vl-court-30-cuero-2000403121980,2026-07-02,Ripley,ADIDAS,50,No,Ripley,2000403121980,https://rimage.ripley.cl/home.ripley/Attachment/WOP/1/2000403122024/full_image-2000403122024,Si,2026-07-02T12:21:45,34990,2026-07-02,,,No,0,adidas|3.0 court cuero vl
39990,s/info,19990,SANDALIAS HOMBRE NIKE NEGRO VICTORI ONE SLIDE,https://simple.ripley.cl/sandalias-hombre-nike-negro-victori-one-slide-2000407160046,2026-07-02,Ripley,NIKE,50,No,Ripley,2000407160046,https://rimage.ripley.cl/home.ripley/Attachment/WOP/1/2000407160107/full_image-2000407160107,Si,2026-07-02T12:21:45,19990,2026-07-02,,,No,0,nike|one sandalias slide victori
59990,s/info,29990,ZAPATILLAS HOMBRE ADIDAS URBANO BLANCO RUN 60S 4.0,https://simple.ripley.cl/zapatillas-hombre-adidas-urbano-blanco-run-60s-40-2000409121885,2026-07-02,Ripley,ADIDAS,50,No,Ripley,2000409121885,https://rimage.ripley.cl/home.ripley/Attachment/WOP/1/2000409121953/full_image-2000409121953,Si,2026-07-02T12:21:45,29990,2026-07-02,,,No,0,adidas|4.0 60s run
59990,s/info,29990,ZAPATILLAS HOMBRE ADIDAS CASUALES BLANCO DAILY 4.0,https://simple.ripley.cl/zapatillas-hombre-adidas-casuales-blanco-daily-40-2000406618449,2026-07-02,Ripley,ADIDAS,50,No,Ripley,2000406618449,https://rimage.ripley.cl/home.ripley/Attachment/WOP/1/2000406618548/full_image-2000406618548,Si,2026-07-02T12:21:45,29990,2026-07-02,,,No,0,adidas|4.0 casuales daily
79990,s/info,39990,ZAPATILLAS HOMBRE ADIDAS URBANO AZUL MARINO GRAND COURT ALPHA,https://simple.ripley.cl/zapatillas-hombre-adidas-urbano-azul-marino-grand-court-alpha-2000410003873,2026-07-02,Ripley,ADIDAS,50,No,Ripley,2000410003873,https://rimage.ripley.cl/home.ripley/Attachment/WOP/1/2000410003897/full_image-2000410003897,Si,2026-07-02T12:21:45,39990,2026-07-02,,,No,0,adidas|alpha court grand
89990,s/info,44990,ZAPATILLAS HOMBRE ADIDAS RUNNING NEGRO SUPERNOVA EASE 2,https://simple.ripley.cl/zapatillas-hombre-adidas-running-negro-supernova-ease-2-2000409127894,2026-07-02,Ripley,ADIDAS,50,No,Ripley,2000409127894,https://rimage.ripley.cl/home.ripley/Attachment/WOP/1/2000409127979/full_image-2000409127979.,Si,2026-07-02T12:21:45,44990,2026-07-02,,,No,0,adidas|2 ease supernova
39990,s/info,19990,SANDALIAS HOMBRE NIKE BLANCO VICTORI ONE SLIDE,https://simple.ripley.cl/sandalias-hombre-nike-blanco-victori-one-slide-2000407160114,2026-07-02,Ripley,NIKE,50,No,Ripley,2000407160114,https://rimage.ripley.cl/home.ripley/Attachment/WOP/1/2000407160176/full_image-2000407160176,Si,2026-07-02T12:21:45,19990,2026-07-02,,,No,0,nike|one sandalias slide victori
79990,s/info,39990,ZAPATILLAS HOMBRE ADIDAS CASUALES BURDEO GRAND COURT ALPHA 00S,https://simple.ripley.cl/zapatillas-hombre-adidas-casuales-burdeo-grand-court-alpha-00s-2000406618555,2026-07-02,Ripley,ADIDAS,50,No,Ripley,2000406618555,https://rimage.ripley.cl/home.ripley/Attachment/WOP/1/2000406618579/full_image-2000406618579.webp,Si,2026-07-02T12:21:45,39990,2026-07-02,,,No,0,adidas|00s alpha burdeo casuales court grand
69990,s/info,34990,ZAPATILLAS HOMBRE ADIDAS URBANO ROJO VL COURT 3.0,https://simple.ripley.cl/zapatillas-hombre-adidas-urbano-rojo-vl-court-30-2000406712642,2026-07-02,Ripley,ADIDAS,50,No,Ripley,2000406712642,https://rimage.ripley.cl/home.ripley/Attachment/WOP/1/2000406712680/full_image-2000406712680,Si,2026-07-02T12:21:45,34990,2026-07-02,,,No,0,adidas|3.0 court vl
64990,s/info,32990,ZAPATILLAS HOMBRE ADIDAS URBANO CAFÉ BREAK START MID,https://simple.ripley.cl/zapatillas-hombre-adidas-urbano-cafe-break-start-mid-2000406666532,2026-07-02,Ripley,ADIDAS,49,No,Ripley,2000406666532,https://rimage.ripley.cl/home.ripley/Attachment/WOP/1/2000406666549/full_image-2000406666549,Si,2026-07-02T12:21:45,32990,2026-07-02,,,No,0,adidas|break mid start
64990,s/info,32990,ZAPATILLAS HOMBRE ADIDAS URBANO NEGRO BREAK START MID WINTERIZED,https://simple.ripley.cl/zapatillas-hombre-adidas-urbano-negro-break-start-mid-winterized-2000411490665,2026-07-02,Ripley,ADIDAS,49,No,Ripley,2000411490665,https://rimage.ripley.cl/home.ripley/Attachment/WOP/1/2000411490689/full_image-2000411490689,Si,2026-07-02T12:21:45,32990,2026-07-02,,,No,0,adidas|break mid start winterized
64990,s/info,32990,ZAPATILLAS HOMBRE ADIDAS URBANO BLANCO HOOPS 4.0,https://simple.ripley.cl/zapatillas-hombre-adidas-urbano-blanco-hoops-40-2000406666426,2026-07-02,Ripley,ADIDAS,49,No,Ripley,2000406666426,https://rimage.ripley.cl/home.ripley/Attachment/WOP/1/2000406666440/full_image-2000406666440.,Si,2026-07-02T12:21:45,32990,2026-07-02,,,No,0,adidas|4.0 hoops
64990,s/info,32990,ZAPATILLAS HOMBRE ADIDAS URBANAS NEGRO BARREDA,https://simple.ripley.cl/zapatillas-hombre-adidas-urbanas-negro-barreda-2000404510097,2026-07-02,Ripley,ADIDAS,49,No,Ripley,2000404510097,https://rimage.ripley.cl/home.ripley/Attachment/WOP/1/2000404510158/full_image-2000404510158,Si,2026-07-02T12:21:45,32990,2026-07-02,,,No,0,adidas|barreda
74990,s/info,37990,ZAPATILLA NIKE COURT VISION LO NN,https://simple.ripley.cl/zapatilla-nike-court-vision-lo-nn-2000401141669,2026-07-02,Ripley,NIKE,49,No,Ripley,2000401141669,https://home.ripley.cl/store/Attachment/WOP/D317/2000401141744/2000401141744_2.jpg,Si,2026-07-02T12:21:45,37990,2026-07-02,,,No,0,nike|court lo nn vision
69990,s/info,39990,ZAPATILLAS HOMBRE NIKE URBANO UPLIFT SC,https://simple.ripley.cl/zapatillas-hombre-nike-urbano-uplift-sc-2000409571857,2026-07-02,Ripley,NIKE,43,No,Ripley,2000409571857,https://rimage.ripley.cl/home.ripley/Attachment/WOP/1/2000409571963/full_image-2000409571963,Si,2026-07-02T12:21:45,39990,2026-07-02,,,No,0,nike|sc uplift
69990,s/info,39990,ZAPATILLAS HOMBRE ADIDAS OUTDOOR NEGRO TERREX ANYLADER MID HIKING,https://simple.ripley.cl/zapatillas-hombre-adidas-outdoor-negro-terrex-anylader-mid-hiking-2000401825330,2026-07-02,Ripley,ADIDAS,43,No,Ripley,2000401825330,https://rimage.ripley.cl/home.ripley/Attachment/WOP/1/2000401825392/full_image-2000401825392.webp,Si,2026-07-02T12:21:45,39990,2026-07-02,,,No,0,adidas|anylader hiking mid outdoor terrex
69990,s/info,39990,ZAPATILLAS HOMBRE ADIDAS TERREX TREKKING ANYLANDER MID,https://simple.ripley.cl/zapatillas-hombre-adidas-terrex-trekking-anylander-mid-2000409124763,2026-07-02,Ripley,ADIDAS,43,No,Ripley,2000409124763,https://rimage.ripley.cl/home.ripley/Attachment/WOP/1/2000409124770/full_image-2000409124770,Si,2026-07-02T12:21:45,39990,2026-07-02,,,No,0,adidas|anylander mid terrex trekking
69990,s/info,39990,ZAPATILLAS HOMBRE ADIDAS TERREX TREKKING CAFÉ ANYLANDER RAIN.DRY,https://simple.ripley.cl/zapatillas-hombre-adidas-terrex-trekking-cafe-anylander-raindry-2000409124879,2026-07-02,Ripley,ADIDAS,43,No,Ripley,2000409124879,https://rimage.ripley.cl/home.ripley/Attachment/WOP/1/2000409124916/full_image-2000409124916,Si,2026-07-02T12:21:45,39990,2026-07-02,,,No,0,adidas|anylander rain.dry terrex trekking
69990,s/info,39990,ZAPATILLAS HOMBRE ADIDAS TENIS BLANCO GAMECOURT 2,https://simple.ripley.cl/zapatillas-hombre-adidas-tenis-blanco-gamecourt-2-2000409125388,2026-07-02,Ripley,ADIDAS,43,No,Ripley,2000409125388,https://rimage.ripley.cl/home.ripley/Attachment/WOP/1/2000409125463/full_image-2000409125463,Si,2026-07-02T12:21:45,39990,2026-07-02,,,No,0,adidas|2 gamecourt
69990,s/info,39990,ZAPATILLAS HOMBRE ADIDAS URBANO BURDEO VL COURT 3.0 CUERO,https://simple.ripley.cl/zapatillas-hombre-adidas-urbano-burdeo-vl-court-30-cuero-2000409121007,2026-07-02,Ripley,ADIDAS,43,No,Ripley,2000409121007,https://rimage.ripley.cl/home.ripley/Attachment/WOP/1/2000409121045/full_image-2000409121045,Si,2026-07-02T12:21:45,39990,2026-07-02,,,No,0,adidas|3.0 burdeo court cuero vl
59990,s/info,34990,ZAPATILLAS HOMBRE ADIDAS TREKKING OCRE ANYLANDER TERREX,https://simple.ripley.cl/zapatillas-hombre-adidas-trekking-ocre-anylander-terrex-2000406401621,2026-07-02,Ripley,ADIDAS,42,No,Ripley,2000406401621,https://rimage.ripley.cl/home.ripley/Attachment/WOP/1/2000406401768/full_image-2000406401768.webp,Si,2026-07-02T12:21:45,34990,2026-07-02,,,No,0,adidas|anylander ocre terrex trekking
42990,s/info,24990,ZAPATILLAS HOMBRE ADIDAS RUNNING NEGRO DURAMO RC2,https://simple.ripley.cl/zapatillas-hombre-adidas-running-negro-duramo-rc2-2000409128396,2026-07-02,Ripley,ADIDAS,42,No,Ripley,2000409128396,https://rimage.ripley.cl/home.ripley/Attachment/WOP/1/2000409128433/full_image-2000409128433,Si,2026-07-02T12:21:45,24990,2026-07-02,,,No,0,adidas|duramo rc2
59990,s/info,34990,ZAPATILLAS HOMBRE ADIDAS OUTDOOR NEGRO TERREX ANYLADER HIKING,https://simple.ripley.cl/zapatillas-hombre-adidas-outdoor-negro-terrex-anylader-hiking-2000401821950,2026-07-02,Ripley,ADIDAS,42,No,Ripley,2000401821950,https://rimage.ripley.cl/home.ripley/Attachment/WOP/1/2000401822032/full_image-2000401822032.webp,Si,2026-07-02T12:21:45,34990,2026-07-02,,,No,0,adidas|anylader hiking outdoor terrex
102990,s/info,59990,ZAPATILLAS HOMBRE NIKE NEGRO M AIR MAX ALPHA TRAINER 6,https://simple.ripley.cl/zapatillas-hombre-nike-negro-m-air-max-alpha-trainer-6-2000402352194,2026-07-02,Ripley,NIKE,42,No,Ripley,2000402352194,https://rimage.ripley.cl/home.ripley/Attachment/WOP/1/2000402352262/full_image-2000402352262,Si,2026-07-02T12:21:45,59990,2026-07-02,,,No,0,nike|6 air alpha max trainer
59990,s/info,34990,ZAPATILLAS HOMBRE ADIDAS ENTRENAMIENTO OLIVA DROPSET BASE,https://simple.ripley.cl/zapatillas-hombre-adidas-entrenamiento-oliva-dropset-base-2000409126781,2026-07-02,Ripley,ADIDAS,42,No,Ripley,2000409126781,https://rimage.ripley.cl/home.ripley/Attachment/WOP/1/2000409126880/full_image-2000409126880,Si,2026-07-02T12:21:45,34990,2026-07-02,,,No,0,adidas|base dropset entrenamiento oliva
64990,s/info,37990,ZAPATILLAS HOMBRE ADIDAS URBANO NEGRO BREAK START MID WINTERIZED,https://simple.ripley.cl/zapatillas-hombre-adidas-urbano-negro-break-start-mid-winterized-2000406666648,2026-07-02,Ripley,ADIDAS,42,No,Ripley,2000406666648,https://rimage.ripley.cl/home.ripley/Attachment/WOP/1/2000406666716/full_image-2000406666716,Si,2026-07-02T12:21:45,37990,2026-07-02,,,No,0,adidas|break mid start winterized
64990,s/info,37990,ZAPATILLAS HOMBRE ADIDAS URBANO NEGRO TURNAROUND,https://simple.ripley.cl/zapatillas-hombre-adidas-urbano-negro-turnaround-2000409058211,2026-07-02,Ripley,ADIDAS,42,No,Ripley,2000409058211,https://rimage.ripley.cl/home.ripley/Attachment/WOP/1/2000409058228/full_image-2000409058228,Si,2026-07-02T12:21:45,37990,2026-07-02,,,No,0,adidas|turnaround
102990,s/info,59990,ZAPATILLAS HOMBRE NIKE ENTRENAMIENTO AIR MAX ALPHA TRAINER 6,https://simple.ripley.cl/zapatillas-hombre-nike-entrenamiento-air-max-alpha-trainer-6-2000409568246,2026-07-02,Ripley,NIKE,42,No,Ripley,2000409568246,https://rimage.ripley.cl/home.ripley/Attachment/WOP/1/2000409568284/full_image-2000409568284,Si,2026-07-02T12:21:45,59990,2026-07-02,,,No,0,nike|6 air alpha entrenamiento max trainer
64990,s/info,37990,ZAPATILLAS HOMBRE ADIDAS URBANO CAFÉ TURNAROUND,https://simple.ripley.cl/zapatillas-hombre-adidas-urbano-cafe-turnaround-2000409058839,2026-07-02,Ripley,ADIDAS,42,No,Ripley,2000409058839,https://rimage.ripley.cl/home.ripley/Attachment/WOP/1/2000409058914/full_image-2000409058914,Si,2026-07-02T12:21:45,37990,2026-07-02,,,No,0,adidas|turnaround
59990,s/info,34990,ZAPATILLAS HOMBRE ADIDAS URBANO GRIS RUN 60S 4.0,https://simple.ripley.cl/zapatillas-hombre-adidas-urbano-gris-run-60s-40-2000409122103,2026-07-02,Ripley,ADIDAS,42,No,Ripley,2000409122103,https://rimage.ripley.cl/home.ripley/Attachment/WOP/1/2000409122141/full_image-2000409122141,Si,2026-07-02T12:21:45,34990,2026-07-02,,,No,0,adidas|4.0 60s run
64990,s/info,37990,ZAPATILLAS HOMBRE ADIDAS URBANO NEGRO BREAK STAR,https://simple.ripley.cl/zapatillas-hombre-adidas-urbano-negro-break-star-2000406666310,2026-07-02,Ripley,ADIDAS,42,No,Ripley,2000406666310,https://rimage.ripley.cl/home.ripley/Attachment/WOP/1/2000406666334/full_image-2000406666334,Si,2026-07-02T12:21:45,37990,2026-07-02,,,No,0,adidas|break star
62990,s/info,36990,ZAPATILLAS HOMBRE NIKE RUNNING NEGRO REVOLUTION 8,https://simple.ripley.cl/zapatillas-hombre-nike-running-negro-revolution-8-2000405817089,2026-07-02,Ripley,NIKE,41,No,Ripley,2000405817089,https://rimage.ripley.cl/home.ripley/Attachment/WOP/1/2000405817164/full_image-2000405817164,Si,2026-07-02T12:21:45,36990,2026-07-02,,,No,0,nike|8 revolution
62990,s/info,36990,ZAPATILLAS HOMBRE NIKE RUNNING NEGRO REVOLUTION 8,https://simple.ripley.cl/zapatillas-hombre-nike-running-negro-revolution-8-2000405816969,2026-07-02,Ripley,NIKE,41,No,Ripley,2000405816969,https://rimage.ripley.cl/home.ripley/Attachment/WOP/1/2000405816976/full_image-2000405816976,Si,2026-07-02T12:21:45,36990,2026-07-02,,,No,0,nike|8 revolution
84990,s/info,49990,ZAPATILLAS HOMBRE ADIDAS TREKKING OCRE TERREX ANYLANDER MID R.RDY,https://simple.ripley.cl/zapatillas-hombre-adidas-trekking-ocre-terrex-anylander-mid-rrdy-2000406401867,2026-07-02,Ripley,ADIDAS,41,No,Ripley,2000406401867,https://rimage.ripley.cl/home.ripley/Attachment/WOP/1/2000406401997/full_image-2000406401997,Si,2026-07-02T12:21:45,49990,2026-07-02,,,No,0,adidas|anylander mid ocre r.rdy terrex trekking
84990,s/info,49990,ZAPATILLAS HOMBRE ADIDAS TERREX TREKKING GRIS ANYLANDER MID RAIN.DRY,https://simple.ripley.cl/zapatillas-hombre-adidas-terrex-trekking-gris-anylander-mid-raindry-2000409124985,2026-07-02,Ripley,ADIDAS,41,No,Ripley,2000409124985,https://rimage.ripley.cl/home.ripley/Attachment/WOP/1/2000409125005/full_image-2000409125005,Si,2026-07-02T12:21:45,49990,2026-07-02,,,No,0,adidas|anylander mid rain.dry terrex trekking
62990,s/info,36990,ZAPATILLAS HOMBRE NIKE RUNNING REVOLUTION 8,https://simple.ripley.cl/zapatillas-hombre-nike-running-revolution-8-2000409569069,2026-07-02,Ripley,NIKE,41,No,Ripley,2000409569069,https://rimage.ripley.cl/home.ripley/Attachment/WOP/1/2000409569090/full_image-2000409569090,Si,2026-07-02T12:21:45,36990,2026-07-02,,,No,0,nike|8 revolution
92990,s/info,54990,ZAPATILLAS HOMBRE NIKE TRAINING NEGRO REAX 8 TR MESH,https://simple.ripley.cl/zapatillas-hombre-nike-training-negro-reax-8-tr-mesh-2000405816006,2026-07-02,Ripley,NIKE,41,No,Ripley,2000405816006,https://rimage.ripley.cl/home.ripley/Attachment/WOP/1/2000405816068/full_image-2000405816068,Si,2026-07-02T12:21:45,54990,2026-07-02,,,No,0,nike|8 mesh reax tr
84990,s/info,50990,Air Max Nuaxis Zapatilla Urbana Hombre Negro,https://www.falabella.com/falabella-cl/product/80681070/Air-Max-Nuaxis-Zapatilla-Urbana-Hombre-Negro-Nike,2026-07-02,Falabella,NIKE,40,No,FALABELLA,80681070,https://media.falabella.com/falabellaCL/80681963_1/public,Si,2026-07-02T12:21:45,50990,2026-07-02,,,No,0,nike|air max nuaxis
129990,s/info,77990,Terrex Skychaser AX5 Mid Zapatilla Outdoor Hombre Gorotex Gris,https://www.falabella.com/falabella-cl/product/80659362/terrex-skychaser-ax5id-gtx-zapatilla-training-y-gimnasio-hombre-gris-adidas,2026-07-02,Falabella,ADIDAS,40,No,FALABELLA,80659362,https://media.falabella.com/falabellaCL/80659892_1/public,Si,2026-07-02T12:21:45,77990,2026-07-02,,,No,0,adidas|ax5 gorotex mid outdoor skychaser terrex
84990,"39.5 CL, 40.5 CL, 43 CL, 41.5 CL, 42.5 CL, 40 CL, 41 CL, 43.5 CL, 42 CL",50990,Gc Alpha Sk8 Zapatilla Urbana Hombre Cuero,https://www.falabella.com/falabella-cl/product/80659305/Gc-Alpha-Sk8-Zapatilla-Urbana-Hombre-Cuero-Gris-Adidas,2026-07-02,Falabella,ADIDAS,40,No,FALABELLA,80659305,https://media.falabella.com/falabellaCL/80659802_1/public,Si,2026-07-02T12:21:45,50990,2026-07-02,,,No,0,adidas|alpha cuero gc sk8
79990,s/info,47990,Grand Court Alpha Zapatilla Urbana Hombre Cuero Rojo,https://www.falabella.com/falabella-cl/product/80512516/Grand-Court-Alpha-Zapatilla-Urbana-Hombre-Cuero-Rojo-Adidas,2026-07-02,Falabella,ADIDAS,40,No,FALABELLA,80512516,https://media.falabella.com/falabellaCL/80512820_1/public,Si,2026-07-02T12:21:45,47990,2026-07-02,,,No,0,adidas|alpha court cuero grand
89990,s/info,53990,Metro Tek Zapatilla Urbana Hombre Azul,https://www.falabella.com/falabella-cl/product/80681010/Metro-Tek-Zapatilla-Urbana-Hombre-Azul-Nike,2026-07-02,Falabella,NIKE,40,No,FALABELLA,80681010,https://media.falabella.com/falabellaCL/80681443_1/public,Si,2026-07-02T12:21:45,53990,2026-07-02,,,No,0,nike|metro tek
102990,s/info,61990,Full Force Lo Zapatilla Urbana Hombre Cuero Negro,https://www.falabella.com/falabella-cl/product/80007606/Full-Force-Lo-Zapatilla-Urbana-Hombre-Cuero-Negro-Nike,2026-07-02,Falabella,NIKE,40,No,FALABELLA,80007606,https://media.falabella.com/falabellaCL/80007668_1/public,Si,2026-07-02T12:21:45,61990,2026-07-02,,,No,0,nike|cuero force full lo
59990,s/info,35990,Run 60S 4.0 Zapatilla Urbana Hombre Cuero Azul,https://www.falabella.com/falabella-cl/product/80659317/run-60s-4-0-zapatilla-urbana-hombre-cuero-azul-adidas,2026-07-02,Falabella,ADIDAS,40,No,FALABELLA,80659317,https://media.falabella.com/falabellaCL/80659517_1/public,Si,2026-07-02T12:21:45,35990,2026-07-02,,,No,0,adidas|4.0 60s cuero run
64990,s/info,38990,Predator Club Ft Fg/Mg Zapatilla Fútbol Hombre Negro,https://www.falabella.com/falabella-cl/product/80659336/predator-club-ft-fg-mg-zapatilla-futbol-hombre-negro-adidas,2026-07-02,Falabella,ADIDAS,40,No,FALABELLA,80659336,https://media.falabella.com/falabellaCL/80659677_1/public,Si,2026-07-02T12:21:45,38990,2026-07-02,,,No,0,adidas|club fg ft futbol mg predator
86990,s/info,51990,Pacific Zapatilla Urbana Hombre Rojo,https://www.falabella.com/falabella-cl/product/80681072/pacific-zapatilla-urbana-hombre-rojo-nike,2026-07-02,Falabella,NIKE,40,No,FALABELLA,80681072,https://media.falabella.com/falabellaCL/80681980_1/public,Si,2026-07-02T12:21:45,51990,2026-07-02,,,No,0,nike|pacific
112990,s/info,67990,Lebron Witness Ix Zapatilla Básquetbol Hombre Amarillo,https://www.falabella.com/falabella-cl/product/80722043/lebron-witness-ix-zapatilla-basquetbol-hombre-amarillo-nike,2026-07-02,Falabella,NIKE,40,No,FALABELLA,80722043,https://media.falabella.com/falabellaCL/80722056_1/public,Si,2026-07-02T12:21:45,67990,2026-07-02,,,No,0,nike|basquetbol ix lebron witness
54990,s/info,32990,Ultimashow 2.0 Zapatilla Running Hombre Blanco,https://www.falabella.com/falabella-cl/product/80762025/ultimashow-2-0-zapatilla-running-hombre-blanco-adidas,2026-07-02,Falabella,ADIDAS,40,No,FALABELLA,80762025,https://media.falabella.com/falabellaCL/80762034_1/public,Si,2026-07-02T12:21:45,32990,2026-07-02,,,No,0,adidas|2.0 ultimashow
89990,s/info,53990,Lightblaze Zapatilla Urbana Hombre Beige,https://www.falabella.com/falabella-cl/product/80659364/Lightblaze-Zapatilla-Urbana-Hombre-Beige-Adidas,2026-07-02,Falabella,ADIDAS,40,No,FALABELLA,80659364,https://media.falabella.com/falabellaCL/80659909_1/public,Si,2026-07-02T12:21:45,53990,2026-07-02,,,No,0,adidas|lightblaze
64990,s/info,38990,Break Start Mid Winterized Zapatilla Urbana Hombre Café,https://www.falabella.com/falabella-cl/product/80512548/Break-Start-Mid-Winterized-Zapatilla-Urbana-Hombre-Caf%C3%A9-Adidas,2026-07-02,Falabella,ADIDAS,40,No,FALABELLA,80512548,https://media.falabella.com/falabellaCL/80513106_1/public,Si,2026-07-02T12:21:45,38990,2026-07-02,,,No,0,adidas|break mid start winterized
49990,s/info,29990,ZAPATILLAS HOMBRE ADIDAS URBANO NEGRO RUN 50S,https://simple.ripley.cl/zapatillas-hombre-adidas-urbano-negro-run-50s-2000410111714,2026-07-02,Ripley,ADIDAS,40,No,Ripley,2000410111714,https://rimage.ripley.cl/home.ripley/Attachment/WOP/1/2000410111790/full_image-2000410111790,Si,2026-07-02T12:21:45,29990,2026-07-02,,,No,0,adidas|50s run
69990,s/info,41990,ZAPATILLAS HOMBRE ADIDAS CASUALES VERDE VL COURT 3.0 CUERO,https://simple.ripley.cl/zapatillas-hombre-adidas-casuales-verde-vl-court-30-cuero-2000404238489,2026-07-02,Ripley,ADIDAS,40,No,Ripley,2000404238489,https://rimage.ripley.cl/home.ripley/Attachment/WOP/1/2000404238571/full_image-2000404238571,Si,2026-07-02T12:21:45,41990,2026-07-02,,,No,0,adidas|3.0 casuales court cuero vl
49990,s/info,29990,ZAPATILLAS HOMBRE ADIDAS RUNNING VERDE GALAXY STAR 2.0,https://simple.ripley.cl/zapatillas-hombre-adidas-running-verde-galaxy-star-20-2000409128228,2026-07-02,Ripley,ADIDAS,40,No,Ripley,2000409128228,https://rimage.ripley.cl/home.ripley/Attachment/WOP/1/2000409128266/full_image-2000409128266,Si,2026-07-02T12:21:45,29990,2026-07-02,,,No,0,adidas|2.0 galaxy star
49990,s/info,29990,ZAPATILLAS HOMBRE ADIDAS RUNNING AZUL TREADMOVE,https://simple.ripley.cl/zapatillas-hombre-adidas-running-azul-treadmove-2000409128006,2026-07-02,Ripley,ADIDAS,40,No,Ripley,2000409128006,https://rimage.ripley.cl/home.ripley/Attachment/WOP/1/2000409128037/full_image-2000409128037,Si,2026-07-02T12:21:45,29990,2026-07-02,,,No,0,adidas|treadmove
54990,s/info,32990,ZAPATILLAS HOMBRE ADIDAS RUNNING NEGRO GALAXY 7,https://simple.ripley.cl/zapatillas-hombre-adidas-running-negro-galaxy-7-2000402266705,2026-07-02,Ripley,ADIDAS,40,No,Ripley,2000402266705,https://rimage.ripley.cl/home.ripley/Attachment/WOP/1/2000402266804/full_image-2000402266804,Si,2026-07-02T12:21:45,32990,2026-07-02,,,No,0,adidas|7 galaxy
54990,s/info,32990,ZAPATILLAS HOMBRE ADIDAS RUNNING NEGRO GALAXY 7,https://simple.ripley.cl/zapatillas-hombre-adidas-running-negro-galaxy-7-2000401824371,2026-07-02,Ripley,ADIDAS,40,No,Ripley,2000401824371,https://rimage.ripley.cl/home.ripley/Attachment/WOP/1/2000401824395/full_image-2000401824395,Si,2026-07-02T12:21:45,32990,2026-07-02,,,No,0,adidas|7 galaxy
79990,s/info,47990,ZAPATILLAS HOMBRE NIKE URBANA COURT VISION LOW,https://simple.ripley.cl/zapatillas-hombre-nike-urbana-court-vision-low-2000409573332,2026-07-02,Ripley,NIKE,40,No,Ripley,2000409573332,https://rimage.ripley.cl/home.ripley/Attachment/WOP/1/2000409573349/full_image-2000409573349,Si,2026-07-02T12:21:45,47990,2026-07-02,,,No,0,nike|court low vision
49990,s/info,29990,ZAPATILLAS HOMBRE ADIDAS RUNNING BEIGE RESPONSE 2,https://simple.ripley.cl/zapatillas-hombre-adidas-running-beige-response-2-2000409128884,2026-07-02,Ripley,ADIDAS,40,No,Ripley,2000409128884,https://rimage.ripley.cl/home.ripley/Attachment/WOP/1/2000409128891/full_image-2000409128891,Si,2026-07-02T12:21:45,29990,2026-07-02,,,No,0,adidas|2 response
49990,s/info,29990,ZAPATILLAS HOMBRE ADIDAS RUNNING NEGRO RESPONSE 2,https://simple.ripley.cl/zapatillas-hombre-adidas-running-negro-response-2-2000409128792,2026-07-02,Ripley,ADIDAS,40,No,Ripley,2000409128792,https://rimage.ripley.cl/home.ripley/Attachment/WOP/1/2000409128815/full_image-2000409128815,Si,2026-07-02T12:21:45,29990,2026-07-02,,,No,0,adidas|2 response
49990,s/info,29990,ZAPATILLAS HOMBRE ADIDAS RUNNING VERDE ULTRA ENERGY,https://simple.ripley.cl/zapatillas-hombre-adidas-running-verde-ultra-energy-2000402275219,2026-07-02,Ripley,ADIDAS,40,No,Ripley,2000402275219,https://rimage.ripley.cl/home.ripley/Attachment/WOP/1/2000402275264/full_image-2000402275264.jpg,Si,2026-07-02T12:21:45,29990,2026-07-02,,,No,0,adidas|energy ultra
54990,s/info,32990,ZAPATILLAS HOMBRE ADIDAS RUNNING GRIS GALAXY 7,https://simple.ripley.cl/zapatillas-hombre-adidas-running-gris-galaxy-7-2000406406411,2026-07-02,Ripley,ADIDAS,40,No,Ripley,2000406406411,https://rimage.ripley.cl/home.ripley/Attachment/WOP/1/2000406406473/full_image-2000406406473,Si,2026-07-02T12:21:45,32990,2026-07-02,,,No,0,adidas|7 galaxy
54990,s/info,32990,ZAPATILLAS HOMBRE ADIDAS HOOPS MID CLASSIC,https://simple.ripley.cl/zapatillas-hombre-adidas-hoops-mid-classic-2000409125821,2026-07-02,Ripley,ADIDAS,40,No,Ripley,2000409125821,https://rimage.ripley.cl/home.ripley/Attachment/WOP/1/2000409125838/full_image-2000409125838,Si,2026-07-02T12:21:45,32990,2026-07-02,,,No,0,adidas|classic hoops mid
99990,s/info,59990,ZAPATILLAS HOMBRE ADIDAS RUNNING NEGRO SUPERNOVA STRIDE 2,https://simple.ripley.cl/zapatillas-hombre-adidas-running-negro-supernova-stride-2-2000406407784,2026-07-02,Ripley,ADIDAS,40,No,Ripley,2000406407784,https://rimage.ripley.cl/home.ripley/Attachment/WOP/1/2000406407944/full_image-2000406407944,Si,2026-07-02T12:21:45,59990,2026-07-02,,,No,0,adidas|2 stride supernova
79990,s/info,47990,ZAPATILLAS HOMBRE ADIDAS RUNNING GRIS ULTRARUN 5,https://simple.ripley.cl/zapatillas-hombre-adidas-running-gris-ultrarun-5-2000409128112,2026-07-02,Ripley,ADIDAS,40,No,Ripley,2000409128112,https://rimage.ripley.cl/home.ripley/Attachment/WOP/1/2000409128129/full_image-2000409128129,Si,2026-07-02T12:21:45,47990,2026-07-02,,,No,0,adidas|5 ultrarun
49990,s/info,29990,ZAPATILLAS HOMBRE ADIDAS BREAK START,https://simple.ripley.cl/zapatillas-hombre-adidas-break-start-2000409126255,2026-07-02,Ripley,ADIDAS,40,No,Ripley,2000409126255,https://rimage.ripley.cl/home.ripley/Attachment/WOP/1/2000409126309/full_image-2000409126309,Si,2026-07-02T12:21:45,29990,2026-07-02,,,No,0,adidas|break start
82990,s/info,49990,ZAPATILLAS HOMBRE NIKE ENTRENAMIENTO FLEX,https://simple.ripley.cl/zapatillas-hombre-nike-entrenamiento-flex-2000409571628,2026-07-02,Ripley,NIKE,40,No,Ripley,2000409571628,https://rimage.ripley.cl/home.ripley/Attachment/WOP/1/2000409571840/full_image-2000409571840,Si,2026-07-02T12:21:45,49990,2026-07-02,,,No,0,nike|entrenamiento flex
49990,s/info,29990,ZAPATILLAS HOMBRE ADIDAS RUNNING NEGRO TRACEFINDER TERREX TRAIL,https://simple.ripley.cl/zapatillas-hombre-adidas-running-negro-tracefinder-terrex-trail-2000404503075,2026-07-02,Ripley,ADIDAS,40,No,Ripley,2000404503075,https://rimage.ripley.cl/home.ripley/Attachment/WOP/1/2000404503129/full_image-2000404503129,Si,2026-07-02T12:21:45,29990,2026-07-02,,,No,0,adidas|terrex tracefinder trail
56990,s/info,34990,ZAPATILLAS HOMBRE NIKE RUNNING DEFY,https://simple.ripley.cl/zapatillas-hombre-nike-running-defy-2000409569878,2026-07-02,Ripley,NIKE,39,No,Ripley,2000409569878,https://rimage.ripley.cl/home.ripley/Attachment/WOP/1/2000409569960/full_image-2000409569960,Si,2026-07-02T12:21:45,34990,2026-07-02,,,No,0,nike|defy
64990,s/info,39990,ZAPATILLAS HOMBRE NIKE RUNNING DOWNSHIFTER 14,https://simple.ripley.cl/zapatillas-hombre-nike-running-downshifter-14-2000409571390,2026-07-02,Ripley,NIKE,38,No,Ripley,2000409571390,https://rimage.ripley.cl/home.ripley/Attachment/WOP/1/2000409571574/full_image-2000409571574,Si,2026-07-02T12:21:45,39990,2026-07-02,,,No,0,nike|14 downshifter
64990,s/info,39990,ZAPATILLAS HOMBRE ADIDAS ENTRENAMIENTO NEGRO RAPIDMOVE GO,https://simple.ripley.cl/zapatillas-hombre-adidas-entrenamiento-negro-rapidmove-go-2000411490382,2026-07-02,Ripley,ADIDAS,38,No,Ripley,2000411490382,https://rimage.ripley.cl/home.ripley/Attachment/WOP/1/2000411490436/full_image-2000411490436,Si,2026-07-02T12:21:45,39990,2026-07-02,,,No,0,adidas|entrenamiento go rapidmove
64990,s/info,39990,ZAPATILLAS HOMBRE ADIDAS URBANO CAFÉ BREAK START MID WINTERIZED,https://simple.ripley.cl/zapatillas-hombre-adidas-urbano-cafe-break-start-mid-winterized-2000411490573,2026-07-02,Ripley,ADIDAS,38,No,Ripley,2000411490573,https://rimage.ripley.cl/home.ripley/Attachment/WOP/1/2000411490580/full_image-2000411490580,Si,2026-07-02T12:21:45,39990,2026-07-02,,,No,0,adidas|break mid start winterized
47990,s/info,29990,ZAPATILLAS HOMBRE ADIDAS RUNNING ROJO RUNBLAZE,https://simple.ripley.cl/zapatillas-hombre-adidas-running-rojo-runblaze-2000409128501,2026-07-02,Ripley,ADIDAS,38,No,Ripley,2000409128501,https://rimage.ripley.cl/home.ripley/Attachment/WOP/1/2000409128556/full_image-2000409128556,Si,2026-07-02T12:21:45,29990,2026-07-02,,,No,0,adidas|runblaze
64990,s/info,39990,ZAPATILLAS HOMBRE ADIDAS URBANO NEGRO BARREDA,https://simple.ripley.cl/zapatillas-hombre-adidas-urbano-negro-barreda-2000411522571,2026-07-02,Ripley,ADIDAS,38,No,Ripley,2000411522571,https://rimage.ripley.cl/home.ripley/Attachment/WOP/1/2000411522588/full_image-2000411522588,Si,2026-07-02T12:21:45,39990,2026-07-02,,,No,0,adidas|barreda
89990,"39, 39.5, 40, 40.5, 41, 41.5, 42, 42.5, 43",57990,Zapatillas Metro Tek Blanco Hombre,https://www.falabella.com/falabella-cl/product/151165996/zapatillas-nike-metro-tek-blanco-hombre,2026-07-02,Falabella,NIKE,36,No,TIENDA OFICIAL NIKE,151165996,https://media.falabella.com/falabellaCL/151165999_01/public,Si,2026-07-02T12:21:45,57990,2026-07-02,,,No,0,nike|metro tek
59990,s/info,39990,ZAPATILLAS HOMBRE ADIDAS URBANA GRIS GRAND COURT BASE,https://simple.ripley.cl/zapatillas-hombre-adidas-urbana-gris-grand-court-base-2000410107472,2026-07-02,Ripley,ADIDAS,33,No,Ripley,2000410107472,https://rimage.ripley.cl/home.ripley/Attachment/WOP/1/2000410146280/full_image-2000410146280,Si,2026-07-02T12:21:45,39990,2026-07-02,,,No,0,adidas|base court grand
59990,s/info,39990,ZAPATILLAS HOMBRE ADIDAS ENTRENAMIENTO NEGRO DROPSET BASE,https://simple.ripley.cl/zapatillas-hombre-adidas-entrenamiento-negro-dropset-base-2000406663395,2026-07-02,Ripley,ADIDAS,33,No,Ripley,2000406663395,https://rimage.ripley.cl/home.ripley/Attachment/WOP/1/2000406663463/full_image-2000406663463,Si,2026-07-02T12:21:45,39990,2026-07-02,,,No,0,adidas|base dropset entrenamiento
116990,s/info,80990,Air Max Fire Zapatilla Urbana Hombre Negro,https://www.falabella.com/falabella-cl/product/80739841/air-max-fire-zapatilla-urbana-hombre-negro-nike,2026-07-02,Falabella,NIKE,31,No,FALABELLA,80739841,https://media.falabella.com/falabellaCL/80739935_1/public,Si,2026-07-02T12:21:45,80990,2026-07-02,,,No,0,nike|air fire max
74990,s/info,51990,Court Vision Lo Zapatilla Urbana Hombre Cuero Blanco,https://www.falabella.com/falabella-cl/product/80681061/court-vision-lo-zapatilla-urbana-hombre-cuero-blanco-nike,2026-07-02,Falabella,NIKE,31,No,FALABELLA,80681061,https://media.falabella.com/falabellaCL/80681890_1/public,Si,2026-07-02T12:21:45,51990,2026-07-02,,,No,0,nike|court cuero lo vision
79990,s/info,54990,ZAPATILLAS HOMBRE ADIDAS URBANAS NEGRO GRAND COURT ALPHA,https://simple.ripley.cl/zapatillas-hombre-adidas-urbanas-negro-grand-court-alpha-2000404507479,2026-07-02,Ripley,ADIDAS,31,No,Ripley,2000404507479,https://rimage.ripley.cl/home.ripley/Attachment/WOP/1/2000404507578/full_image-2000404507578,Si,2026-07-02T12:21:45,54990,2026-07-02,,,No,0,adidas|alpha court grand
64990,s/info,44990,ZAPATILLAS HOMBRE NIKE RUNNING DOWNSHIFTER 14,https://simple.ripley.cl/zapatillas-hombre-nike-running-downshifter-14-2000410498396,2026-07-02,Ripley,NIKE,31,No,Ripley,2000410498396,https://rimage.ripley.cl/home.ripley/Attachment/WOP/1/2000410498525/full_image-2000410498525,Si,2026-07-02T12:21:45,44990,2026-07-02,,,No,0,nike|14 downshifter
69990,s/info,47990,ZAPATILLAS HOMBRE ADIDAS URBANO AZUL VL COURT 3.0 CUERO,https://simple.ripley.cl/zapatillas-hombre-adidas-urbano-azul-vl-court-30-cuero-2000409121335,2026-07-02,Ripley,ADIDAS,31,No,Ripley,2000409121335,https://rimage.ripley.cl/home.ripley/Attachment/WOP/1/2000409121342/full_image-2000409121342,Si,2026-07-02T12:21:45,47990,2026-07-02,,,No,0,adidas|3.0 court cuero vl
86990,s/info,59990,ZAPATILLAS HOMBRE NIKE URBANO PACIFIC LEATHER,https://simple.ripley.cl/zapatillas-hombre-nike-urbano-pacific-leather-2000409573561,2026-07-02,Ripley,NIKE,31,No,Ripley,2000409573561,https://rimage.ripley.cl/home.ripley/Attachment/WOP/1/2000409573615/full_image-2000409573615,Si,2026-07-02T12:21:45,59990,2026-07-02,,,No,0,nike|leather pacific
79990,s/info,54990,ZAPATILLAS HOMBRE ADIDAS URBANO NEGRO GRAND COURT ALPHA,https://simple.ripley.cl/zapatillas-hombre-adidas-urbano-negro-grand-court-alpha-2000406643243,2026-07-02,Ripley,ADIDAS,31,No,Ripley,2000406643243,https://rimage.ripley.cl/home.ripley/Attachment/WOP/1/2000406643342/full_image-2000406643342,Si,2026-07-02T12:21:45,54990,2026-07-02,,,No,0,adidas|alpha court grand
79990,s/info,54990,ZAPATILLAS HOMBRE NIKE FÚTBOL MERCURIAL SUPERFLY 10 CLUB,https://simple.ripley.cl/zapatillas-hombre-nike-futbol-mercurial-superfly-10-club-2000409568642,2026-07-02,Ripley,NIKE,31,No,Ripley,2000409568642,https://rimage.ripley.cl/home.ripley/Attachment/WOP/1/2000409568697/full_image-2000409568697,Si,2026-07-02T12:21:45,54990,2026-07-02,,,No,0,nike|10 club futbol mercurial superfly
82990,s/info,57990,M Mc Trainer 3 Zapatilla Training Y Gimnasio Hombre Negro,https://www.falabella.com/falabella-cl/product/80007939/M-Mc-Trainer-3-Zapatilla-Cross-Training-Hombre-Negro-Nike,2026-07-02,Falabella,NIKE,30,No,FALABELLA,80007939,https://media.falabella.com/falabellaCL/80008069_1/public,Si,2026-07-02T12:21:45,57990,2026-07-02,,,No,0,nike|3 gimnasio mc trainer
99990,s/info,69990,Air Max Invigor Zapatilla Urbana Hombre Negro,https://www.falabella.com/falabella-cl/product/80680999/Air-Max-Invigor-Zapatilla-Urbana-Hombre-Negro-Nike,2026-07-02,Falabella,NIKE,30,No,FALABELLA,80680999,https://media.falabella.com/falabellaCL/80681349_1/public,Si,2026-07-02T12:21:45,69990,2026-07-02,,,No,0,nike|air invigor max
89990,s/info,62990,City Response Zapatilla Urbana Hombre Negro,https://www.falabella.com/falabella-cl/product/80619235/city-response-zapatilla-urbana-hombre-negro-nike,2026-07-02,Falabella,NIKE,30,No,FALABELLA,80619235,https://media.falabella.com/falabellaCL/80620063_1/public,Si,2026-07-02T12:21:45,62990,2026-07-02,,,No,0,nike|city response
92990,s/info,64990,Reax 8 Tr Mesh Zapatilla Urbana Hombre Cuero Verde,https://www.falabella.com/falabella-cl/product/80681017/reax-8-tr-mesh-zapatilla-urbana-hombre-cuero-verde-nike,2026-07-02,Falabella,NIKE,30,No,FALABELLA,80681017,https://media.falabella.com/falabellaCL/80681500_1/public,Si,2026-07-02T12:21:45,64990,2026-07-02,,,No,0,nike|8 cuero mesh reax tr
56990,s/info,39990,ZAPATILLAS HOMBRE NIKE RUNNING NEGRO NIKE RUN DEFY,https://simple.ripley.cl/zapatillas-hombre-nike-running-negro-nike-run-defy-2000405816600,2026-07-02,Ripley,NIKE,30,No,Ripley,2000405816600,https://rimage.ripley.cl/home.ripley/Attachment/WOP/1/2000405816617/full_image-2000405816617,Si,2026-07-02T12:21:45,39990,2026-07-02,,,No,0,nike|defy run
96990,s/info,67990,ZAPATILLAS HOMBRE NIKE URBANAS BLANCO INITIATOR,https://simple.ripley.cl/zapatillas-hombre-nike-urbanas-blanco-initiator-2000404658430,2026-07-02,Ripley,NIKE,30,No,Ripley,2000404658430,https://rimage.ripley.cl/home.ripley/Attachment/WOP/1/2000404658454/full_image-2000404658454,Si,2026-07-02T12:21:45,67990,2026-07-02,,,No,0,nike|initiator
56990,s/info,39990,ZAPATILLAS HOMBRE NIKE RUNNING NEGRO RUN DEFY,https://simple.ripley.cl/zapatillas-hombre-nike-running-negro-run-defy-2000405816488,2026-07-02,Ripley,NIKE,30,No,Ripley,2000405816488,https://rimage.ripley.cl/home.ripley/Attachment/WOP/1/2000405816549/full_image-2000405816549,Si,2026-07-02T12:21:45,39990,2026-07-02,,,No,0,nike|defy run
54990,s/info,38490,ZAPATILLLAS HOMBRE ADIDAS CASUALES GRIS ULTIMASHOW 2.0,https://simple.ripley.cl/zapatilllas-hombre-adidas-casuales-gris-ultimashow-20-2000410998513,2026-07-02,Ripley,ADIDAS,30,No,Ripley,2000410998513,https://rimage.ripley.cl/home.ripley/Attachment/WOP/1/2000410998544/full_image-2000410998544,Si,2026-07-02T12:21:45,38490,2026-07-02,,,No,0,adidas|2.0 casuales ultimashow zapatilllas
79990,s/info,55990,ZAPATILLAS HOMBRE ADIDAS CASUALES BLANCO TECHNOCHAOS 2000,https://simple.ripley.cl/zapatillas-hombre-adidas-casuales-blanco-technochaos-2000-2000409300457,2026-07-02,Ripley,ADIDAS,30,No,Ripley,2000409300457,https://rimage.ripley.cl/home.ripley/Attachment/WOP/1/2000409300488/full_image-2000409300488,Si,2026-07-02T12:21:45,55990,2026-07-02,,,No,0,adidas|2000 casuales technochaos
79990,s/info,55990,ZAPATILLAS HOMBRE ADIDAS CASUALES GRIS GRAND COURT ALPHA 00S,https://simple.ripley.cl/zapatillas-hombre-adidas-casuales-gris-grand-court-alpha-00s-2000406696768,2026-07-02,Ripley,ADIDAS,30,No,Ripley,2000406696768,https://rimage.ripley.cl/home.ripley/Attachment/WOP/1/2000406696805/full_image-2000406696805,Si,2026-07-02T12:21:45,55990,2026-07-02,,,No,0,adidas|00s alpha casuales court grand
74990,s/info,52990,ZAPATILLAS HOMBRE NIKE URBANAS NEGRO COURT VISION LO NN P,https://simple.ripley.cl/zapatillas-hombre-nike-urbanas-negro-court-vision-lo-nn-p-2000403790551,2026-07-02,Ripley,NIKE,29,No,Ripley,2000403790551,https://rimage.ripley.cl/home.ripley/Attachment/WOP/1/2000403790643/full_image-2000403790643,Si,2026-07-02T12:21:45,52990,2026-07-02,,,No,0,nike|court lo nn vision
74990,s/info,52990,ZAPATILLAS HOMBRE NIKE URBANAS BLANCO COURT VISION LOW NEXT NATURE,https://simple.ripley.cl/zapatillas-hombre-nike-urbanas-blanco-court-vision-low-next-nature-2000388877261,2026-07-02,Ripley,NIKE,29,No,Ripley,2000388877261,https://home.ripley.cl/store/Attachment/WOP/D317/2000388877278/2000388877278_2.jpg,Si,2026-07-02T12:21:45,52990,2026-07-02,,,No,0,nike|court low nature next vision
102990,s/info,72990,ZAPATILLAS HOMBRE NIKE ENTRENAMIENTO NEGRO AIR MAX ALPHA TRAINER 6,https://simple.ripley.cl/zapatillas-hombre-nike-entrenamiento-negro-air-max-alpha-trainer-6-2000408506003,2026-07-02,Ripley,NIKE,29,No,Ripley,2000408506003,https://rimage.ripley.cl/home.ripley/Attachment/WOP/1/2000408506119/full_image-2000408506119,Si,2026-07-02T12:21:45,72990,2026-07-02,,,No,0,nike|6 air alpha entrenamiento max trainer
92990,s/info,65990,ZAPATILLAS HOMBRE NIKE ENTRENAMIENTO REAX 8 TR MESH,https://simple.ripley.cl/zapatillas-hombre-nike-entrenamiento-reax-8-tr-mesh-2000409568475,2026-07-02,Ripley,NIKE,29,No,Ripley,2000409568475,https://rimage.ripley.cl/home.ripley/Attachment/WOP/1/2000409568529/full_image-2000409568529,Si,2026-07-02T12:21:45,65990,2026-07-02,,,No,0,nike|8 entrenamiento mesh reax tr
102990,s/info,72990,ZAPATILLAS HOMBRE NIKE URBANO GRIS V5 RNR SUEDE,https://simple.ripley.cl/zapatillas-hombre-nike-urbano-gris-v5-rnr-suede-2000410498709,2026-07-02,Ripley,NIKE,29,No,Ripley,2000410498709,https://rimage.ripley.cl/home.ripley/Attachment/WOP/1/2000410498853/full_image-2000410498853,Si,2026-07-02T12:21:45,72990,2026-07-02,,,No,0,nike|rnr suede v5
74990,s/info,52990,ZAPATILLAS HOMBRE NIKE URBANAS NEGRO COURT VISION LOW NEXT NATURE,https://simple.ripley.cl/zapatillas-hombre-nike-urbanas-negro-court-vision-low-next-nature-2000384158869,2026-07-02,Ripley,NIKE,29,No,Ripley,2000384158869,https://rimage.ripley.cl/home.ripley/Attachment/WOP/1/2000384158944/full_image-2000384158944,Si,2026-07-02T12:21:45,52990,2026-07-02,,,No,0,nike|court low nature next vision
74990,s/info,52990,ZAPATILLAS HOMBRE NIKE URBANAS BLANCO COURT VISION LOW NEXT NATURE CUERO,https://simple.ripley.cl/zapatillas-hombre-nike-urbanas-blanco-court-vision-low-next-nature-cuero-2000384158982,2026-07-02,Ripley,NIKE,29,No,Ripley,2000384158982,https://home.ripley.cl/store/Attachment/WOP/D317/2000384158999/2000384158999_2.jpg,Si,2026-07-02T12:21:45,52990,2026-07-02,,,No,0,nike|court cuero low nature next vision
96990,s/info,69990,ZAPATILLAS HOMBRE NIKE RUNNING PLATA INITIATOR,https://simple.ripley.cl/zapatillas-hombre-nike-running-plata-initiator-2000404658362,2026-07-02,Ripley,NIKE,28,No,Ripley,2000404658362,https://rimage.ripley.cl/home.ripley/Attachment/WOP/1/2000404658409/full_image-2000404658409,Si,2026-07-02T12:21:45,69990,2026-07-02,,,No,0,nike|initiator plata
82990,"38, 39, 39.5, 40, 40.5, 41.5, 42, 42.5",62990,Zapatillas Flex Train Verde Hombre,https://www.falabella.com/falabella-cl/product/151164470/zapatillas-nike-flex-train-verde-hombre,2026-07-02,Falabella,NIKE,24,No,TIENDA OFICIAL NIKE,151164470,https://media.falabella.com/falabellaCL/151164471_01/public,Si,2026-07-02T12:21:45,62990,2026-07-02,,,No,0,nike|flex train
74900,s/info,59990,Court Vision Zapatilla Urbana Hombre Negro,https://www.falabella.com/falabella-cl/product/80052246/court-vision-zapatilla-urbana-hombre-negro-nike,2026-07-02,Falabella,NIKE,20,No,FALABELLA,80052246,https://media.falabella.com/falabellaCL/80052256_1/public,Si,2026-07-02T12:21:45,59990,2026-07-02,,,No,0,nike|court vision
69990,"39, 39.5, 40, 40.5, 41, 41.5, 42",55990,Zapatillas de Senderismo Terrex Anylander Corte Medio,https://www.falabella.com/falabella-cl/product/132570514/Zapatillas-de-Senderismo-Terrex-Anylander-Corte-Medio,2026-07-02,Falabella,ADIDAS,20,No,adidas,132570514,https://media.falabella.com/falabellaCL/132671173_01/public,Si,2026-07-02T12:21:45,55990,2026-07-02,,,No,0,adidas|anylander corte medio senderismo terrex
84990,s/info,67990,Air Max Nuaxis Zapatilla Urbana Hombre Negro,https://www.falabella.com/falabella-cl/product/80007602/Air-Max-Nuaxis-Zapatilla-Urbana-Hombre-Negro-Nike,2026-07-02,Falabella,NIKE,20,No,FALABELLA,80007602,https://media.falabella.com/falabellaCL/80007628_1/public,Si,2026-07-02T12:21:45,67990,2026-07-02,,,No,0,nike|air max nuaxis
59990,s/info,47990,ZAPATILLAS HOMBRE ADIDAS CASUALES NEGRO GRAND COURT BASE 00S,https://simple.ripley.cl/zapatillas-hombre-adidas-casuales-negro-grand-court-base-00s-2000409301553,2026-07-02,Ripley,ADIDAS,20,No,Ripley,2000409301553,https://rimage.ripley.cl/home.ripley/Attachment/WOP/1/2000409301614/full_image-2000409301614,Si,2026-07-02T12:21:45,47990,2026-07-02,,,No,0,adidas|00s base casuales court grand
69990,s/info,55990,ZAPATILLAS HOMBRE ADIDAS CASUALES BLANCO LIGHTSHIFT 2.0,https://simple.ripley.cl/zapatillas-hombre-adidas-casuales-blanco-lightshift-20-2000409301225,2026-07-02,Ripley,ADIDAS,20,No,Ripley,2000409301225,https://rimage.ripley.cl/home.ripley/Attachment/WOP/1/2000409301232/full_image-2000409301232,Si,2026-07-02T12:21:45,55990,2026-07-02,,,No,0,adidas|2.0 casuales lightshift
84990,s/info,69990,Gc Alpha Sk8 Zapatilla Urbana Hombre Cuero Beige,https://www.falabella.com/falabella-cl/product/80659321/gc-alpha-sk8-zapatilla-urbana-hombre-cuero-beige-adidas,2026-07-02,Falabella,ADIDAS,18,No,FALABELLA,80659321,https://media.falabella.com/falabellaCL/80659549_1/public,Si,2026-07-02T12:21:45,69990,2026-07-02,,,No,0,adidas|alpha cuero gc sk8
122990,s/info,122990,Air Force 1 07 Zapatilla Urbana Hombre Cuero Blanco,https://www.falabella.com/falabella-cl/product/14853402/Air-Force-1-07-Zapatilla-Urbana-Hombre-Blanco-Nike,2026-07-02,Falabella,NIKE,,No,FALABELLA,14853402,https://media.falabella.com/falabellaCL/14853415_1/public,Si,2026-07-02T12:21:45,122990,2026-07-02,,,No,0,nike|07 1 air cuero force
122990,s/info,122990,Air Force 1 07 Zapatilla Urbana Hombre Cuero Negro,https://www.falabella.com/falabella-cl/product/14794383/Air-Force-1-07-Zapatilla-Urbana-Hombre-Negro-Nike,2026-07-02,Falabella,NIKE,,No,FALABELLA,14794383,https://media.falabella.com/falabellaCL/14794388_1/public,Si,2026-07-02T12:21:45,122990,2026-07-02,,,No,0,nike|07 1 air cuero force
99990,s/info,99990,Samba OG Zapatilla Urbana Mujer Cuero Blanco,https://www.falabella.com/falabella-cl/product/80505548/Samba-OG-Zapatilla-Urbana-Mujer-Cuero-Blanco-Adidas-Originals,2026-07-02,Falabella,ADIDAS ORIGINALS,,No,FALABELLA,80505548,https://media.falabella.com/falabellaCL/80505553_1/public,Si,2026-07-02T12:21:45,99990,2026-07-02,,,No,0,adidas originals|cuero og samba
64990,s/info,64990,Downshifter 14 Zapatilla Running Hombre Negro,https://www.falabella.com/falabella-cl/product/80739845/downshifter-14-zapatilla-running-hombre-negro-nike,2026-07-02,Falabella,NIKE,,No,FALABELLA,80739845,https://media.falabella.com/falabellaCL/80739969_1/public,Si,2026-07-02T12:21:45,64990,2026-07-02,,,No,0,nike|14 downshifter
47990,s/info,47990,Runblaze Zapatilla Running Hombre Rojo,https://www.falabella.com/falabella-cl/product/80712637/runblaze-zapatilla-running-hombre-rojo-adidas,2026-07-02,Falabella,ADIDAS,,No,FALABELLA,80712637,https://media.falabella.com/falabellaCL/80712644_1/public,Si,2026-07-02T12:21:45,47990,2026-07-02,,,No,0,adidas|runblaze
99990,"14 US, 35.5, 37, 37.5, 38, 38.5, 39, 39.5, 40, 40.5, 41, 41.5, 42, 42.5, 43, 43.5, 44",99990,Campus 00S Zapatilla Urbana Hombre Cuero Negro Originals,https://www.falabella.com/falabella-cl/product/140329505/Zapatillas-Campus-00s,2026-07-02,Falabella,ADIDAS,,No,adidas,140329505,https://media.falabella.com/falabellaCL/140729322_01/public,Si,2026-07-02T12:21:45,99990,2026-07-02,,,No,0,adidas|00s campus cuero
99990,s/info,99990,M Air Max Bia Zapatilla Urbana Hombre Negro,https://www.falabella.com/falabella-cl/product/80739858/m-air-max-bia-zapatilla-urbana-hombre-negro-nike,2026-07-02,Falabella,NIKE,,No,FALABELLA,80739858,https://media.falabella.com/falabellaCL/80740085_1/public,Si,2026-07-02T12:21:45,99990,2026-07-02,,,No,0,nike|air bia max
99990,s/info,99990,Reax 8 Nssl Zapatilla Urbana Hombre Negro,https://www.falabella.com/falabella-cl/product/80739870/reax-8-nssl-zapatilla-urbana-hombre-negro-nike,2026-07-02,Falabella,NIKE,,No,FALABELLA,80739870,https://media.falabella.com/falabellaCL/80740197_1/public,Si,2026-07-02T12:21:45,99990,2026-07-02,,,No,0,nike|8 nssl reax
74990,s/info,74990,Court Vision Zapatilla Urbana Hombre Gris,https://www.falabella.com/falabella-cl/product/80052247/Court-Vision-Zapatilla-Urbana-Hombre-Gris-Nike,2026-07-02,Falabella,NIKE,,No,FALABELLA,80052247,https://media.falabella.com/falabellaCL/80052265_1/public,Si,2026-07-02T12:21:45,74990,2026-07-02,,,No,0,nike|court vision
49990,"10.5 US, 9.5 US, 11.5 US, 11 US, 9 US, 8.5 US, 10 US",49990,Zapatillas Urbano Hoops Hombre,https://www.falabella.com/falabella-cl/product/150588421/zapatillas-urbano-hoops-hombre,2026-07-02,Falabella,ADIDAS,,No,adidas,150588421,https://media.falabella.com/falabellaCL/150631315_01/public,Si,2026-07-02T12:21:45,49990,2026-07-02,,,No,0,adidas|hoops
69990,s/info,69990,Terrex Anylander RRdy Zapatilla Outdoor Hombre Café,https://www.falabella.com/falabella-cl/product/80659343/Terrex-Anylander-R.Rdy-Zapatilla-Training-Y-Gimnasio-Hombre-Caf%C3%A9-Adidas,2026-07-02,Falabella,ADIDAS,,No,FALABELLA,80659343,https://media.falabella.com/falabellaCL/80659733_1/public,Si,2026-07-02T12:21:45,69990,2026-07-02,,,No,0,adidas|anylander outdoor rrdy terrex
99990,s/info,99990,Reax 8 Nssl Zapatilla Urbana Hombre Blanco,https://www.falabella.com/falabella-cl/product/80739851/reax-8-nssl-zapatilla-urbana-hombre-blanco-nike,2026-07-02,Falabella,NIKE,,No,FALABELLA,80739851,https://media.falabella.com/falabellaCL/80740021_1/public,Si,2026-07-02T12:21:45,99990,2026-07-02,,,No,0,nike|8 nssl reax
139990,"10.5 US, 9.5 US, 7.5 US, 11.5 US, 8 US, 11 US, 9 US, 8.5 US, 7 US, 10 US",139990,ZAPATILLA SAVALEOS HALTEROFILIA,https://www.falabella.com/falabella-cl/product/153371109/zapatilla-nike-savaleos-halterofilia,2026-07-02,Falabella,NIKE,,No,LatinBrands,153371109,https://media.falabella.com/falabellaCL/153371113_01/public,Si,2026-07-02T12:21:45,139990,2026-07-02,,,No,0,nike|halterofilia savaleos
124990,"10.5 US, 9.5 US, 12 US, 8 US, 11 US, 9 US, 8.5 US, 7 US, 10 US",124990,ZAPATILLA BOX MACHOMAI 3,https://www.falabella.com/falabella-cl/product/142122447/ZAPATILLA-NIKE-BOX-MACHOMAI-3,2026-07-02,Falabella,NIKE,,No,LatinBrands,142122447,https://media.falabella.com/falabellaCL/142122453_01/public,Si,2026-07-02T12:21:45,124990,2026-07-02,,,No,0,nike|3 box machomai
102990,"39.5, 40, 40.5, 41, 41.5, 42, 42.5, 43",102990,Zapatillas Initiator Gris Hombre - Gris,https://www.falabella.com/falabella-cl/product/153386290/zapatillas-nike-initiator-gris-hombre-gris,2026-07-02,Falabella,NIKE,,No,TIENDA OFICIAL NIKE,153386290,https://media.falabella.com/falabellaCL/153386294_01/public,Si,2026-07-02T12:21:45,102990,2026-07-02,,,No,0,nike|initiator
99990,"39, 39.5, 40, 40.5, 41, 41.5, 42, 42.5, 43, 43.5, 44",99990,Zapatillas Air Max Invigor Verde Hombre,https://www.falabella.com/falabella-cl/product/153516353/zapatillas-nike-air-max-invigor-verde-hombre,2026-07-02,Falabella,NIKE,,No,TIENDA OFICIAL NIKE,153516353,https://media.falabella.com/falabellaCL/153516377_01/public,Si,2026-07-02T12:21:45,99990,2026-07-02,,,No,0,nike|air invigor max
89990,"39, 39.5, 40, 40.5, 41, 42, 42.5, 43, 43.5",89990,Terrex Skychaser Ax5 Zapatilla Senderismo Hombre Negro,https://www.falabella.com/falabella-cl/product/144679507/Zapatillas-de-Senderismo-Terrex-Skychaser-Ax5,2026-07-02,Falabella,ADIDAS,,No,adidas,144679507,https://media.falabella.com/falabellaCL/144848659_01/public,Si,2026-07-02T12:21:45,89990,2026-07-02,,,No,0,adidas|ax5 senderismo skychaser terrex
89990,s/info,89990,Superstar II Zapatilla Urbana Hombre Cuero Negro,https://www.falabella.com/falabella-cl/product/80059912/superstar-ii-zapatilla-urbana-hombre-cuero-negro-adidas-originals,2026-07-02,Falabella,ADIDAS ORIGINALS,,No,FALABELLA,80059912,https://media.falabella.com/falabellaCL/80060257_1/public,Si,2026-07-02T12:21:45,89990,2026-07-02,,,No,0,adidas originals|cuero ii superstar
99990,"9 US, 8.5 US, 35.5, 36, 36.5, 37, 37.5, 38, 38.5, 39.5, 40, 41.5",99990,Zapatillas Samba OG negro,https://www.falabella.com/falabella-cl/product/140342512/Zapatillas-Samba-OG,2026-07-02,Falabella,ADIDAS,,No,adidas,140342512,https://media.falabella.com/falabellaCL/140433595_01/public,Si,2026-07-02T12:21:45,99990,2026-07-02,,,No,0,adidas|og samba
84990,s/info,84990,Air Max Nuaxis Zapatilla Urbana Hombre Negro,https://www.falabella.com/falabella-cl/product/80007611/air-max-nuaxis-zapatilla-urbana-hombre-negro-nike,2026-07-02,Falabella,NIKE,,No,FALABELLA,80007611,https://media.falabella.com/falabellaCL/80007733_1/public,Si,2026-07-02T12:21:45,84990,2026-07-02,,,No,0,nike|air max nuaxis
74990,"39, 39.5, 40, 40.5, 41, 41.5, 42, 42.5, 43",74990,Zapatillas Court Vision Low Negro Hombre,https://www.falabella.com/falabella-cl/product/153036159/zapatillas-nike-court-vision-low-negro-hombre,2026-07-02,Falabella,NIKE,,No,TIENDA OFICIAL NIKE,153036159,https://media.falabella.com/falabellaCL/153036202_01/public,Si,2026-07-02T12:21:45,74990,2026-07-02,,,No,0,nike|court low vision
106990,"39, 39.5, 40, 40.5, 41, 41.5, 42, 42.5, 43",106990,Zapatillas Air Zoom Upturn SC Negro Hombre - Negro,https://www.falabella.com/falabella-cl/product/153659607/zapatillas-nike-air-zoom-upturn-sc-negro-hombre-negro,2026-07-02,Falabella,NIKE,,No,TIENDA OFICIAL NIKE,153659607,https://media.falabella.com/falabellaCL/153659675_01/public,Si,2026-07-02T12:21:45,106990,2026-07-02,,,No,0,nike|air sc upturn zoom
82990,s/info,82990,Precision 8 Mid Zapatilla Básquetbol Hombre Negro,https://www.falabella.com/falabella-cl/product/80739854/precision-8-mid-zapatilla-basquetbol-hombre-negro-nike,2026-07-02,Falabella,NIKE,,No,FALABELLA,80739854,https://media.falabella.com/falabellaCL/80740049_1/public,Si,2026-07-02T12:21:45,82990,2026-07-02,,,No,0,nike|8 basquetbol mid precision
132990,s/info,132990,Air Force 1 '07 Lv8 Zapatilla Urbana Hombre Cuero Blanco,https://www.falabella.com/falabella-cl/product/80541471/Air-Force-1-'07-Lv8-Zapatilla-Urbana-Hombre-Cuero-Blanco-Nike,2026-07-02,Falabella,NIKE,,No,FALABELLA,80541471,https://media.falabella.com/falabellaCL/80542071_1/public,Si,2026-07-02T12:21:45,132990,2026-07-02,,,No,0,nike|07 1 air cuero force lv8
64990,s/info,64990,Downshifter 14 Zapatilla Running Hombre Amarillo,https://www.falabella.com/falabella-cl/product/80739853/downshifter-14-zapatilla-running-hombre-amarillo-nike,2026-07-02,Falabella,NIKE,,No,FALABELLA,80739853,https://media.falabella.com/falabellaCL/80740041_1/public,Si,2026-07-02T12:21:45,64990,2026-07-02,,,No,0,nike|14 downshifter
64990,s/info,64990,Rapidmove Go Trainer Zapatilla Deportiva Hombre Negro,https://www.falabella.com/falabella-cl/product/80649050/Rapidmove-Go-Trainer-Zapatilla-Deportiva-Hombre-Negro-Adidas,2026-07-02,Falabella,ADIDAS,,No,FALABELLA,80649050,https://media.falabella.com/falabellaCL/80649231_1/public,Si,2026-07-02T12:21:45,64990,2026-07-02,,,No,0,adidas|go rapidmove trainer
64990,s/info,64990,Downshifter 14 Zapatilla Running Hombre Negro,https://www.falabella.com/falabella-cl/product/80680972/Downshifter-14-Zapatilla-Running-Hombre-Negro-Nike,2026-07-02,Falabella,NIKE,,No,FALABELLA,80680972,https://media.falabella.com/falabellaCL/80739816_1/public,Si,2026-07-02T12:21:45,64990,2026-07-02,,,No,0,nike|14 downshifter
99990,"39, 39.5, 40, 40.5, 41, 41.5, 42, 42.5, 43, 43.5, 44",99990,Zapatillas Air Max Invigor Azul Hombre,https://www.falabella.com/falabella-cl/product/153030782/zapatillas-nike-air-max-invigor-azul-hombre,2026-07-02,Falabella,NIKE,,No,TIENDA OFICIAL NIKE,153030782,https://media.falabella.com/falabellaCL/153030783_01/public,Si,2026-07-02T12:21:45,99990,2026-07-02,,,No,0,nike|air invigor max
89990,s/info,89990,Superstar II Zapatilla Urbana Hombre Cuero Blanco,https://www.falabella.com/falabella-cl/product/80059926/superstar-ii-zapatilla-urbana-hombre-cuero-blanco-adidas-originals,2026-07-02,Falabella,ADIDAS ORIGINALS,,No,FALABELLA,80059926,https://media.falabella.com/falabellaCL/80060043_1/public,Si,2026-07-02T12:21:45,89990,2026-07-02,,,No,0,adidas originals|cuero ii superstar
79990,s/info,79990,Court Vision Lo Fl Zapatilla Urbana Hombre Cuero Negro,https://www.falabella.com/falabella-cl/product/80680998/court-vision-lo-fl-zapatilla-urbana-hombre-cuero-negro-nike,2026-07-02,Falabella,NIKE,,No,FALABELLA,80680998,https://media.falabella.com/falabellaCL/80681340_1/public,Si,2026-07-02T12:21:45,79990,2026-07-02,,,No,0,nike|court cuero fl lo vision
49990,s/info,49990,Break Start Zapatilla Urbana Hombre Negro,https://www.falabella.com/falabella-cl/product/80659304/Break-Start-Zapatilla-Urbana-Hombre-Negro-Adidas,2026-07-02,Falabella,ADIDAS,,No,FALABELLA,80659304,https://media.falabella.com/falabellaCL/80659408_1/public,Si,2026-07-02T12:21:45,49990,2026-07-02,,,No,0,adidas|break start
129990,s/info,129990,Dropset 4 Trainer Zapatilla Training Hombre Negro,https://www.falabella.com/falabella-cl/product/80659352/dropset-4-trainer-zapatilla-training-hombre-negro-adidas,2026-07-02,Falabella,ADIDAS,,No,FALABELLA,80659352,https://media.falabella.com/falabellaCL/80659810_1/public,Si,2026-07-02T12:21:45,129990,2026-07-02,,,No,0,adidas|4 dropset trainer
99990,s/info,99990,Samba OG Zapatilla Urbana Mujer Cuero Blanco,https://www.falabella.com/falabella-cl/product/80504537/Samba-OG-Zapatilla-Urbana-Mujer-Cuero-Blanco-Adidas-Originals,2026-07-02,Falabella,ADIDAS ORIGINALS,,No,FALABELLA,80504537,https://media.falabella.com/falabellaCL/80504730_1/public,Si,2026-07-02T12:21:45,99990,2026-07-02,,,No,0,adidas originals|cuero og samba
57990,s/info,57990,ZAPATILLAS HOMBRE ADIDAS FÚTBOL ROSADO F50 HYPERFAST CLUB,https://simple.ripley.cl/zapatillas-hombre-adidas-futbol-rosado-f50-hyperfast-club-2000411627542,2026-07-02,Ripley,ADIDAS,,No,Ripley,2000411627542,https://rimage.ripley.cl/home.ripley/Attachment/WOP/1/2000411627559/full_image-2000411627559,Si,2026-07-02T12:21:45,57990,2026-07-02,,,No,0,adidas|club f50 futbol hyperfast
49990,s/info,49990,ZAPATILLAS HOMBRE ADIDAS RUNNING NEGRO RESPONSE 2,https://simple.ripley.cl/zapatillas-hombre-adidas-running-negro-response-2-2000409128617,2026-07-02,Ripley,ADIDAS,,No,Ripley,2000409128617,https://rimage.ripley.cl/home.ripley/Attachment/WOP/1/2000409128655/full_image-2000409128655,Si,2026-07-02T12:21:45,49990,2026-07-02,,,No,0,adidas|2 response
49990,s/info,49990,ZAPATILLAS HOMBRE ADIDAS RUNNING NEGRO TREADMOVE,https://simple.ripley.cl/zapatillas-hombre-adidas-running-negro-treadmove-2000409127368,2026-07-02,Ripley,ADIDAS,,No,Ripley,2000409127368,https://rimage.ripley.cl/home.ripley/Attachment/WOP/1/2000409127399/full_image-2000409127399,Si,2026-07-02T12:21:45,49990,2026-07-02,,,No,0,adidas|treadmove
29990,s/info,29990,Zapatilla Urbana Diseño Daily 4.0 Unisex,https://www.paris.cl/zapatilla-urbana-diseno-daily-40-unisex-330865.html,2026-07-02,Paris,Adidas,,No,Paris,330865004,https://cl-dam-resizer.ecomm.cencosud.com/unsafe/adaptive-fit-in/792x1068/cl/paris/330865/variant/69bd6d9788d627a1c8497fef/images/00b59b05-431b-446a-80cf-b28c5fd96d4d/330865-0001-001.jpg,Si,2026-07-02T12:21:45,29990,2026-07-02,,,No,0,adidas|4.0 daily diseno
34990,s/info,34990,Zapatilla Running Mujer Duramo RC2,https://www.paris.cl/zapatilla-running-mujer-duramo-rc2-165013.html,2026-07-02,Paris,Adidas,,No,Paris,165013003,https://cl-dam-resizer.ecomm.cencosud.com/unsafe/adaptive-fit-in/792x1068/cl/paris/165013/variant/683be88998472e657183cf8d/images/04447190-9ed6-49e2-b96f-1d810e529873/165013-0001-001.jpg,Si,2026-07-02T12:21:45,34990,2026-07-02,,,No,0,adidas|duramo rc2
32990,s/info,32990,Zapatilla Running W Mujer Galaxy 7,https://www.paris.cl/zapatilla-running-w-mujer-galaxy-7-742152.html,2026-07-02,Paris,Adidas,,No,Paris,742152002,https://cl-dam-resizer.ecomm.cencosud.com/unsafe/adaptive-fit-in/792x1068/paris/742152/variant/images/c8db1a34-853e-43e3-b575-2efa1bc743ec/742152-0000-001.jpg,Si,2026-07-02T12:21:45,32990,2026-07-02,,,No,0,adidas|7 galaxy
32990,s/info,32990,Zapatilla Running Ultimashow 2.0 Hombre,https://www.paris.cl/zapatilla-running-ultimashow-20-hombre-742382.html,2026-07-02,Paris,Adidas,,No,Paris,742382006,https://cl-dam-resizer.ecomm.cencosud.com/unsafe/adaptive-fit-in/792x1068/cl/paris/742382/variant/68939ceac4c4f487a0102271/images/a4db59f2-b264-4e45-8ade-3402dd7abc29/742382-0001-001.jpg,Si,2026-07-02T12:21:45,32990,2026-07-02,,,No,0,adidas|2.0 ultimashow
46990,s/info,46990,Zapatilla Urbana Color Cordón Barreda Mujer,https://www.paris.cl/zapatilla-urbana-color-cordon-barreda-mujer-466203.html,2026-07-02,Paris,Adidas,,No,Paris,466203002,https://cl-dam-resizer.ecomm.cencosud.com/unsafe/adaptive-fit-in/792x1068/cl/paris/466203/variant/69ea89f80ddd3e120e281c1f/images/372ff2d6-fab8-4b91-889b-1a01189fa713/466203-0100-001.jpg,Si,2026-07-02T12:21:45,46990,2026-07-02,,,No,0,adidas|barreda color cordon
29990,s/info,29990,Zapatilla Running Response Runner Unisex,https://www.paris.cl/zapatilla-running-response-runner-unisex-331352.html,2026-07-02,Paris,Adidas,,No,Paris,331352002,https://cl-dam-resizer.ecomm.cencosud.com/unsafe/adaptive-fit-in/792x1068/cl/paris/331352/variant/691f634166680315db4ce72e/images/a2514427-c7a8-4272-927c-0c7c71cbf685/331352-0001-001.jpg,Si,2026-07-02T12:21:45,29990,2026-07-02,,,No,0,adidas|response runner
34990,s/info,34990,Zapatilla Urbana Logotipo Ultimashow 2.0 Mujer,https://www.paris.cl/zapatilla-urbana-logotipo-ultimashow-20-mujer-331295.html,2026-07-02,Paris,Adidas,,No,Paris,331295002,https://cl-dam-resizer.ecomm.cencosud.com/unsafe/adaptive-fit-in/792x1068/cl/paris/331295/variant/69176226c6919b64ceaab183/images/caac5da0-468c-47ae-b49c-b9e2d1735543/331295-0960-001.jpg,Si,2026-07-02T12:21:45,34990,2026-07-02,,,No,0,adidas|2.0 logotipo ultimashow
29990,s/info,29990,Zapatill Urbana Diseño Daily 4.0 Unisex,https://www.paris.cl/zapatill-urbana-diseno-daily-40-unisex-331348.html,2026-07-02,Paris,Adidas,,No,Paris,331348003,https://cl-dam-resizer.ecomm.cencosud.com/unsafe/adaptive-fit-in/792x1068/cl/paris/331348/variant/69a61aaabf520585b6fde66b/images/5bec62f9-7904-4b5b-83c0-4da5894e81c9/331348-0001-001.jpg,Si,2026-07-02T12:21:45,29990,2026-07-02,,,No,0,adidas|4.0 daily diseno zapatill
29990,s/info,29990,Zapatilla Running Run 60S Hombre,https://www.paris.cl/zapatilla-running-run-60s-hombre-331243.html,2026-07-02,Paris,Adidas,,No,Paris,331243002,https://cl-dam-resizer.ecomm.cencosud.com/unsafe/adaptive-fit-in/792x1068/cl/paris/331243/variant/691762105e30d71fe58aa43e/images/2e7eed39-bb54-4499-86f5-bd6f5e2a8be6/331243-0001-001.jpg,Si,2026-07-02T12:21:45,29990,2026-07-02,,,No,0,adidas|60s run
36990,s/info,36990,Zapatillas Running Run Defy Hombre,https://www.paris.cl/zapatillas-running-run-defy-hombre-116370.html,2026-07-02,Paris,Nike,,No,Paris,116370003,https://cl-dam-resizer.ecomm.cencosud.com/unsafe/adaptive-fit-in/792x1068/cl/paris/116370/variant/682e75b884ac25d3f1c21adb/images/9e428385-0784-49c4-8c9d-01fbed7ce57b/116370-0001-001.jpg,Si,2026-07-02T12:21:45,36990,2026-07-02,,,No,0,nike|defy run
32990,s/info,32990,Zapatilla Running Run-60S Hombre,https://www.paris.cl/zapatilla-running-run-60s-hombre-331287.html,2026-07-02,Paris,Adidas,,No,Paris,331287002,https://cl-dam-resizer.ecomm.cencosud.com/unsafe/adaptive-fit-in/792x1068/cl/paris/331287/variant/691762255e30d71fe58aa97f/images/06ee22c4-ead5-43d0-83a0-e9b63832eac6/331287-0960-001.jpg,Si,2026-07-02T12:21:45,32990,2026-07-02,,,No,0,adidas|60s run
39990,s/info,39990,Zapatilla Running Switch Move Unisex,https://www.paris.cl/zapatilla-running-switch-move-unisex-609045.html,2026-07-02,Paris,Adidas,,No,Paris,609045004,https://cl-dam-resizer.ecomm.cencosud.com/unsafe/adaptive-fit-in/792x1068/paris/609045/variant/images/b2a89c64-c948-4de4-b7da-73678fdd2cb4/609045-0400-001.jpg,Si,2026-07-02T12:21:45,39990,2026-07-02,,,No,0,adidas|move switch
39990,s/info,39990,Zapatilla Urbana Court Infantil Borough Low Recraft Unisex,https://www.paris.cl/zapatilla-urbana-court-infantil-borough-low-recraft-unisex-454754.html,2026-07-02,Paris,Nike,,No,Paris,454754002,https://cl-dam-resizer.ecomm.cencosud.com/unsafe/adaptive-fit-in/792x1068/paris/454754/variant/images/6d0fe605-683a-4c88-93aa-d629cf889cbf/454754-0100-001.jpg,Si,2026-07-02T12:21:45,39990,2026-07-02,,,No,0,nike|borough court infantil low recraft
32990,s/info,32990,Zapatilla Running Gráfica Run 60S Mujer,https://www.paris.cl/zapatilla-running-grafica-run-60s-mujer-331245.html,2026-07-02,Paris,Adidas,,No,Paris,331245002,https://cl-dam-resizer.ecomm.cencosud.com/unsafe/adaptive-fit-in/792x1068/cl/paris/331245/variant/691762195e30d71fe58aa68f/images/d1e9db6d-f2ca-4e64-854a-d97543f4bc50/331245-0001-001.jpg,Si,2026-07-02T12:21:45,32990,2026-07-02,,,No,0,adidas|60s grafica run
32990,s/info,32990,Zapatilla Urbana Unisex Court Borough Low Recraft,https://www.paris.cl/zapatilla-urbana-unisex-court-borough-low-recraft-559029.html,2026-07-02,Paris,Nike,,No,Paris,559029002,https://cl-dam-resizer.ecomm.cencosud.com/unsafe/adaptive-fit-in/792x1068/cl/paris/559029/variant/69446c6b3d080203e4b8511b/images/f3d00ad0-7370-445a-b204-7c38f35ad9aa/559029-0001-001.jpg,Si,2026-07-02T12:21:45,32990,2026-07-02,,,No,0,nike|borough court low recraft
32990,s/info,32990,Zapatilla Running Loogotipo Run-60S Hombre,https://www.paris.cl/zapatilla-running-loogotipo-run-60s-hombre-331242.html,2026-07-02,Paris,Adidas,,No,Paris,331242002,https://cl-dam-resizer.ecomm.cencosud.com/unsafe/adaptive-fit-in/792x1068/cl/paris/331242/variant/691762215e30d71fe58aa821/images/301955e6-b860-4451-82bc-3353430172d5/331242-0400-001.jpg,Si,2026-07-02T12:21:45,32990,2026-07-02,,,No,0,adidas|60s loogotipo run
29990,s/info,29990,Zapatilla Running Sportswear-Ultimashow 2.0 Hombre,https://www.paris.cl/zapatilla-running-sportswear-ultimashow-20-hombre-742397.html,2026-07-02,Paris,Adidas,,No,Paris,742397002,https://cl-dam-resizer.ecomm.cencosud.com/unsafe/adaptive-fit-in/792x1068/cl/paris/742397/variant/698a23751274611b3d856da7/images/7dcce6d4-456e-41aa-9d8f-2907ca71400d/742397-0020-001.jpg,Si,2026-07-02T12:21:45,29990,2026-07-02,,,No,0,adidas|2.0 ultimashow
32990,s/info,32990,Zapatilla Urbana Jr. Court Borough Recraft Unisex,https://www.paris.cl/zapatilla-urbana-jr-court-borough-recraft-unisex-454794.html,2026-07-02,Paris,Nike,,No,Paris,454794002,https://cl-dam-resizer.ecomm.cencosud.com/unsafe/adaptive-fit-in/792x1068/cl/paris/454794/variant/67af3655c7d6230c1b175df2/images/36b2315b-4a98-4483-891f-7316ba528e4e/454794-0600-001.jpg,Si,2026-07-02T12:21:45,32990,2026-07-02,,,No,0,nike|borough court jr recraft
